city,country,region,cost_of_living_index,rent_index,total_cost_index,groceries_index,restaurant_index,purchasing_power_index
Zurich,Switzerland,Western Europe,557.01,1079.71,663.16,520.83,585.1,230.65
"New York, NY",United States,North America,452.49,1449.28,657.89,416.67,480.77,151.75
George Town,Cayman Islands,Latin America,527.15,1117.39,648.03,540.83,484.13,219.73
Geneva,Switzerland,Western Europe,503.17,931.88,590.79,447.08,550.48,225.19
"San Francisco, CA",United States,North America,433.94,1179.71,587.5,437.92,453.37,236.72
"Honolulu, HI",United States,North America,476.92,926.09,568.42,534.58,518.27,132.63
"Boston, MA",United States,North America,402.71,1115.94,549.34,390.83,443.27,214.72
Lucerne,Switzerland,Western Europe,509.95,704.35,548.68,443.75,590.87,230.8
Lausanne,Switzerland,Western Europe,491.86,771.01,548.03,447.92,525.0,220.03
Basel,Switzerland,Western Europe,506.33,695.65,544.08,451.67,531.73,244.76
"Washington, DC",United States,North America,416.74,988.41,534.21,398.33,448.56,237.33
Singapore,Singapore,Southeast Asia,411.31,991.3,530.26,353.75,261.54,138.54
Bern,Switzerland,Western Europe,495.93,644.93,525.66,440.42,523.56,253.87
Lugano,Switzerland,Western Europe,499.55,628.99,525.0,447.08,627.88,250.53
"San Jose, CA",United States,North America,396.83,1011.59,523.03,379.58,412.02,212.14
"San Diego, CA",United States,North America,378.73,1069.57,521.05,357.5,427.88,181.18
Tel Aviv-Yafo,Israel,Middle East,466.52,711.59,515.79,392.92,511.54,152.96
London,United Kingdom,Western Europe,398.19,969.57,515.13,300.83,417.79,154.02
St. Gallen,Switzerland,Western Europe,491.86,595.65,511.84,434.17,545.19,249.92
"Miami, FL",United States,North America,385.07,978.26,507.24,371.67,476.92,152.2
"Seattle, WA",United States,North America,411.76,866.67,505.26,420.42,419.71,237.63
"Los Angeles, CA",United States,North America,382.35,952.17,499.34,361.67,437.5,169.65
Reykjavik,Iceland,Northern Europe,444.34,704.35,497.37,448.33,500.0,165.86
"Jersey City, NJ",United States,North America,365.16,998.55,495.39,348.75,398.08,229.59
"Irvine, CA",United States,North America,364.25,981.16,491.45,360.42,407.21,240.52
"Oakland, CA",United States,North America,385.52,843.48,479.61,407.08,432.69,208.95
"Arlington, VA",United States,North America,365.61,888.41,473.03,383.75,404.81,254.93
"Fort Lauderdale, FL",United States,North America,361.09,875.36,466.45,366.25,420.67,178.15
Amsterdam,Netherlands,Western Europe,370.14,795.65,457.24,311.25,412.5,188.77
Sydney,Australia,Oceania,358.37,813.04,451.32,365.42,330.29,160.7
Jerusalem,Israel,Middle East,411.76,607.25,451.32,377.08,424.52,163.43
Hong Kong,Hong Kong (China),East Asia,345.7,856.52,450.66,317.5,222.6,128.98
Dublin,Ireland,Western Europe,345.7,844.93,448.03,309.17,400.96,159.94
Oslo,Norway,Northern Europe,416.74,565.22,446.71,387.5,465.87,169.95
Luxembourg,Luxembourg,Western Europe,364.71,755.07,444.74,320.42,434.62,207.59
Copenhagen,Denmark,Northern Europe,392.31,646.38,444.08,341.67,458.65,193.78
"Portland, OR",United States,North America,378.28,675.36,438.82,404.17,388.46,211.38
"Chicago, IL",United States,North America,342.99,794.2,435.53,358.75,355.29,208.35
"Philadelphia, PA",United States,North America,367.87,649.28,425.0,369.17,359.62,190.9
"Anchorage, AK",United States,North America,395.48,543.48,425.0,382.5,403.85,204.25
"Sacramento, CA",United States,North America,357.47,649.28,417.11,365.0,357.21,201.37
"Denver, CO",United States,North America,355.2,656.52,416.45,370.83,369.71,197.12
Stavanger,Norway,Northern Europe,393.21,510.14,416.45,386.25,425.0,216.54
Galway,Ireland,Western Europe,331.22,742.03,415.79,303.75,400.48,134.9
"Nashville, TN",United States,North America,334.84,697.1,409.21,333.75,350.0,200.76
Oxford,United Kingdom,Western Europe,342.08,668.12,408.55,285.0,412.5,178.15
"Atlanta, GA",United States,North America,348.87,624.64,405.26,348.33,427.88,231.87
Bergen,Norway,Northern Europe,404.98,408.7,404.61,381.67,479.33,197.88
"Dallas, TX",United States,North America,340.72,653.62,404.61,322.92,367.31,218.36
"Tampa, FL",United States,North America,314.03,743.48,401.97,306.67,352.88,205.61
Paris,France,Western Europe,354.75,585.51,401.97,330.0,348.56,166.46
Cork,Ireland,Western Europe,326.7,691.3,401.32,321.67,372.12,193.02
Haarlem,Netherlands,Western Europe,348.42,604.35,400.66,297.08,413.94,184.52
Guildford,United Kingdom,Western Europe,351.58,591.3,400.66,297.08,425.48,166.01
Rotterdam,Netherlands,Western Europe,348.42,605.8,400.66,283.75,383.17,184.67
Gold Coast,Australia,Oceania,343.89,617.39,399.34,371.25,364.42,189.23
Melbourne,Australia,Oceania,350.68,592.75,399.34,380.83,332.69,199.85
Utrecht,Netherlands,Western Europe,344.34,613.04,399.34,299.58,369.23,199.09
Munich,Germany,Western Europe,350.23,588.41,398.68,288.33,362.02,192.26
Trondheim,Norway,Northern Europe,393.21,421.74,398.03,381.25,438.94,191.5
Cambridge,United Kingdom,Western Europe,335.29,631.88,395.39,281.25,365.38,201.37
"New Orleans, LA",United States,North America,352.94,560.87,394.74,339.58,447.6,187.41
"Reno, NV",United States,North America,344.8,588.41,394.08,340.83,392.79,199.24
"Phoenix, AZ",United States,North America,343.44,589.86,393.42,342.92,376.44,194.84
Stockholm,Sweden,Northern Europe,357.92,534.78,393.42,318.33,377.88,169.04
Canberra,Australia,Oceania,352.04,557.97,393.42,377.08,331.73,203.79
"Syracuse, NY",United States,North America,339.37,597.1,392.11,360.42,341.83,167.68
"Austin, TX",United States,North America,322.17,657.97,390.79,325.42,354.33,236.27
"Albany, NY",United States,North America,346.61,562.32,390.13,336.67,440.87,196.97
"Orlando, FL",United States,North America,325.79,631.88,388.16,339.17,365.87,214.26
"Charlotte, NC",United States,North America,325.34,634.78,388.16,338.75,335.58,204.25
Milan,Italy,Southern Europe,336.2,586.96,387.5,314.17,355.29,104.1
"Ann Arbor, MI",United States,North America,312.67,678.26,387.5,323.75,324.04,238.69
"Winston-Salem, NC",United States,North America,363.35,478.26,386.18,442.92,361.54,170.56
Dubai,United Arab Emirates,Middle East,282.81,784.06,386.18,203.75,327.4,173.14
"Minneapolis, MN",United States,North America,343.44,555.07,386.18,364.58,376.44,206.53
Brighton,United Kingdom,Western Europe,334.39,582.61,384.87,287.08,371.63,160.24
Haifa,Israel,Middle East,400.45,331.88,384.87,342.92,508.17,216.54
The Hague (Den Haag),Netherlands,Western Europe,338.01,563.77,383.55,280.42,402.88,203.19
"Colorado Springs, CO",United States,North America,336.2,563.77,382.24,336.25,354.81,203.79
Perth,Australia,Oceania,332.58,573.91,381.58,345.0,359.13,217.15
Vancouver,Canada,North America,311.31,656.52,381.58,327.5,337.02,160.7
Aarhus,Denmark,Northern Europe,363.8,436.23,377.63,310.0,453.85,216.08
Salzburg,Austria,Western Europe,347.96,497.1,377.63,332.92,354.81,162.06
Bristol,United Kingdom,Western Europe,318.1,598.55,375.0,270.83,372.6,178.0
Delft,Netherlands,Western Europe,328.96,552.17,374.34,291.67,381.73,185.28
"Madison, WI",United States,North America,317.65,592.75,373.68,333.75,330.77,211.53
"Fort Worth, TX",United States,North America,328.05,544.93,372.37,341.67,305.29,221.09
Brisbane,Australia,Oceania,310.41,614.49,372.37,340.42,325.0,206.07
Edinburgh,United Kingdom,Western Europe,332.13,527.54,371.71,286.25,395.19,168.44
Reading,United Kingdom,Western Europe,322.62,562.32,371.05,263.33,391.35,170.11
"Greenville, SC",United States,North America,330.32,523.19,369.74,360.0,358.17,217.91
"Baltimore, MD",United States,North America,338.01,492.75,369.08,343.33,357.21,213.05
"Spokane, WA",United States,North America,328.05,527.54,368.42,350.0,339.42,213.51
Leiden,Netherlands,Western Europe,327.6,527.54,367.76,279.17,344.71,196.05
Adelaide,Australia,Oceania,335.29,494.2,367.11,372.5,325.96,195.45
"Columbus, OH",United States,North America,333.94,495.65,366.45,335.42,398.56,186.34
"Las Vegas, NV",United States,North America,323.98,531.88,365.79,294.58,411.06,188.32
Berlin,Germany,Western Europe,328.05,501.45,363.16,275.83,339.9,168.13
Innsbruck,Austria,Western Europe,337.1,468.12,363.16,286.67,343.27,147.5
"Buffalo, NY",United States,North America,338.01,462.32,362.5,325.0,383.17,182.25
Eindhoven,Netherlands,Western Europe,320.81,521.74,361.18,277.5,365.38,195.9
"Birmingham, AL",United States,North America,312.22,550.72,360.53,343.33,285.58,159.03
Hobart,Australia,Oceania,332.13,472.46,359.87,346.67,341.83,209.56
Vienna,Austria,Western Europe,340.27,431.88,358.55,306.25,372.12,169.8
"Gainesville, FL",United States,North America,309.05,547.83,357.89,312.5,358.17,192.11
"Vancouver, WA",United States,North America,313.12,533.33,357.89,279.58,388.94,227.01
"Saint Louis, MO",United States,North America,340.27,431.88,357.89,390.42,334.13,215.63
Frankfurt,Germany,Western Europe,323.53,488.41,357.24,271.25,352.4,211.68
"Richmond, VA",United States,North America,317.65,511.59,357.24,304.58,392.31,222.46
Victoria,Canada,North America,309.95,542.03,357.24,357.08,310.1,152.5
"Indianapolis, IN",United States,North America,316.29,520.29,357.24,310.0,349.04,226.25
"Fort Collins, CO",United States,North America,300.0,578.26,356.58,302.5,366.35,224.43
Brussels,Belgium,Western Europe,325.34,481.16,356.58,310.83,375.96,165.25
Heidelberg,Germany,Western Europe,323.08,482.61,355.26,284.17,315.38,161.46
Manchester,United Kingdom,Western Europe,305.88,549.28,355.26,267.5,350.0,160.24
"Raleigh, NC",United States,North America,303.17,555.07,354.61,320.83,337.5,225.04
Southampton,United Kingdom,Western Europe,323.08,478.26,354.61,269.58,391.83,171.47
Helsinki,Finland,Northern Europe,334.39,434.78,354.61,297.08,382.21,161.61
Florence,Italy,Southern Europe,321.27,484.06,353.95,317.5,373.08,106.53
"Houston, TX",United States,North America,294.57,579.71,353.29,286.25,338.94,235.66
San Juan,Puerto Rico,Latin America,320.81,473.91,351.97,326.67,311.54,146.59
"Knoxville, TN",United States,North America,298.19,556.52,350.66,295.42,323.08,185.28
Nice,France,Western Europe,340.72,389.86,350.0,351.25,374.52,142.94
Espoo,Finland,Northern Europe,335.29,408.7,349.34,312.92,375.48,178.45
"Omaha, NE",United States,North America,304.98,520.29,348.68,291.25,339.9,205.31
Aalborg,Denmark,Northern Europe,360.63,308.7,348.68,325.83,425.0,234.75
Toronto,Canada,North America,297.74,546.38,348.03,287.92,322.6,180.58
"Milwaukee, WI",United States,North America,304.52,517.39,347.37,314.17,325.0,195.3
"Salt Lake City, UT",United States,North America,298.19,539.13,347.37,290.42,320.67,222.31
"Boise, ID",United States,North America,312.67,481.16,346.71,316.67,340.87,229.59
"Pittsburgh, PA",United States,North America,311.76,476.81,344.74,324.58,309.62,230.2
Dusseldorf,Germany,Western Europe,323.98,427.54,344.74,281.25,326.44,203.49
"Detroit, MI",United States,North America,309.5,479.71,343.42,313.75,330.29,182.4
Hamburg,Germany,Western Europe,320.36,437.68,343.42,268.33,323.08,189.38
Milton Keynes,United Kingdom,Western Europe,306.79,488.41,343.42,257.08,338.46,173.75
Sliema,Malta,Southern Europe,279.19,589.86,342.76,263.33,330.77,98.48
"San Antonio, TX",United States,North America,297.29,514.49,341.45,295.0,305.77,223.07
"Cleveland, OH",United States,North America,296.83,518.84,341.45,309.17,299.04,183.31
Birmingham,United Kingdom,Western Europe,316.74,436.23,340.79,270.83,358.17,212.59
Glasgow,United Kingdom,Western Europe,306.79,475.36,340.79,277.5,324.52,180.42
"Kansas City, MO",United States,North America,306.33,471.01,340.13,297.92,386.54,211.84
"Cincinnati, OH",United States,North America,292.31,527.54,340.13,301.67,283.65,219.42
Cologne,Germany,Western Europe,322.17,407.25,338.82,278.75,333.65,170.71
"Oklahoma City, OK",United States,North America,316.74,424.64,338.16,318.33,360.1,203.64
"Jacksonville, FL",United States,North America,298.64,489.86,337.5,295.0,372.6,215.93
Burlington,Canada,North America,289.59,524.64,337.5,271.67,308.65,184.67
Darmstadt,Germany,Western Europe,326.24,384.06,337.5,290.0,334.62,195.9
"Eugene, OR",United States,North America,289.59,523.19,336.84,299.17,321.63,207.74
Abu Dhabi,United Arab Emirates,Middle East,249.32,665.22,334.87,196.67,283.65,142.34
Karlsruhe,Germany,Western Europe,332.13,350.72,334.87,288.33,324.52,180.27
Limassol,Cyprus,Southern Europe,286.43,521.74,334.21,237.92,325.48,145.98
Surrey,Canada,North America,291.4,500.0,333.55,280.83,274.52,167.53
Gent,Belgium,Western Europe,323.53,375.36,333.55,289.58,414.9,202.43
Freiburg im Breisgau,Germany,Western Europe,316.29,401.45,332.89,284.17,317.31,180.12
"Rochester, NY",United States,North America,298.19,468.12,332.24,305.42,349.04,215.48
Odense,Denmark,Northern Europe,339.37,307.25,331.58,315.42,455.29,220.49
Groningen,Netherlands,Western Europe,321.72,372.46,330.92,290.42,381.25,169.35
Mississauga,Canada,North America,278.28,531.88,330.26,270.83,287.02,167.98
Stuttgart,Germany,Western Europe,319.91,368.12,328.95,277.5,353.85,231.87
Valletta,Malta,Southern Europe,285.07,498.55,328.29,248.33,355.77,115.17
Strasbourg,France,Western Europe,329.86,324.64,327.63,351.25,326.92,164.8
Wiesbaden,Germany,Western Europe,328.51,330.43,327.63,280.42,354.33,184.83
Augsburg,Germany,Western Europe,319.46,363.77,327.63,277.08,332.21,178.0
Guelph,Canada,North America,290.5,469.57,326.32,311.67,307.21,180.88
Bonn,Germany,Western Europe,314.48,372.46,325.66,300.0,302.88,205.01
Marseille,France,Western Europe,330.77,313.04,325.66,371.67,335.58,138.69
Leeds,United Kingdom,Western Europe,300.9,421.74,325.0,270.42,336.06,183.0
Antwerp,Belgium,Western Europe,322.17,336.23,324.34,298.75,398.08,171.47
Belfast,United Kingdom,Western Europe,313.12,371.01,323.68,296.67,380.77,168.13
Mainz,Germany,Western Europe,326.7,318.84,323.68,290.0,334.13,188.01
Brescia,Italy,Southern Europe,317.65,347.83,323.03,307.92,359.13,113.35
Lyon,France,Western Europe,324.43,323.19,323.03,331.25,307.69,183.46
Bologna,Italy,Southern Europe,305.88,394.2,323.03,288.75,352.4,127.92
Ottawa,Canada,North America,283.26,473.91,321.71,288.33,302.88,201.67
Pisa,Italy,Southern Europe,318.55,333.33,321.05,333.33,312.98,100.46
Wellington,New Zealand,Oceania,293.67,430.43,321.05,308.75,272.6,158.12
Newcastle upon Tyne,United Kingdom,Western Europe,304.52,384.06,320.39,267.08,360.1,207.74
Barcelona,Spain,Southern Europe,271.95,511.59,320.39,250.83,299.52,131.26
Kelowna,Canada,North America,282.35,468.12,320.39,306.25,276.44,168.74
"Albuquerque, NM",United States,North America,288.24,447.83,320.39,315.83,311.54,228.83
Nottingham,United Kingdom,Western Europe,306.33,376.81,319.74,278.33,337.02,192.26
Doha,Qatar,Middle East,237.1,634.78,319.08,180.0,310.1,181.79
"Tucson, AZ",United States,North America,291.4,428.99,319.08,305.42,341.35,229.29
Auckland,New Zealand,Oceania,290.5,430.43,318.42,300.0,275.0,177.69
Madrid,Spain,Southern Europe,267.42,515.94,318.42,240.0,299.04,145.07
Aberdeen,United Kingdom,Western Europe,313.12,339.13,317.76,265.42,341.83,202.43
Halifax,Canada,North America,277.83,471.01,317.11,302.5,288.46,155.39
Cardiff,United Kingdom,Western Europe,295.02,407.25,317.11,260.83,336.06,187.56
Calgary,Canada,North America,290.05,420.29,316.45,296.67,312.98,173.75
"Tulsa, OK",United States,North America,298.64,386.96,316.45,309.58,297.6,201.06
Coventry,United Kingdom,Western Europe,291.86,413.04,315.79,278.33,320.67,189.38
Leuven,Belgium,Western Europe,294.57,401.45,315.79,265.42,350.0,205.46
Liverpool,United Kingdom,Western Europe,303.62,366.67,315.79,260.0,374.04,191.35
Bordeaux,France,Western Europe,311.76,331.88,315.13,309.58,336.06,179.67
Kitchener,Canada,North America,285.07,431.88,314.47,299.17,307.21,173.44
"Louisville, KY",United States,North America,282.35,442.03,314.47,314.58,290.87,238.24
Tampere,Finland,Northern Europe,307.24,333.33,311.84,289.58,348.08,168.13
Bremen,Germany,Western Europe,314.48,300.0,310.53,283.33,334.62,193.32
Graz,Austria,Western Europe,318.1,282.61,309.87,308.75,323.56,192.11
Essen,Germany,Western Europe,328.51,243.48,309.87,278.75,354.33,185.74
"Nanaimo, BC",Canada,North America,276.92,436.23,309.21,302.92,295.19,180.12
"Columbia, SC",United States,North America,285.07,404.35,308.55,285.0,319.23,194.08
Nuremberg,Germany,Western Europe,305.88,323.19,308.55,264.17,333.65,224.58
Linz,Austria,Western Europe,308.14,313.04,308.55,302.92,329.33,173.9
Toulouse,France,Western Europe,316.74,282.61,308.55,325.42,335.58,172.99
Malmo,Sweden,Northern Europe,298.19,349.28,307.89,287.08,329.81,189.53
Rome,Italy,Southern Europe,272.4,446.38,307.89,251.67,281.73,119.88
Palma de Mallorca,Spain,Southern Europe,266.06,465.22,306.58,217.92,303.85,123.82
Erfurt,Germany,Western Europe,321.27,256.52,306.58,263.33,298.08,188.62
Ajman,United Arab Emirates,Middle East,201.81,707.25,305.92,147.5,180.77,132.02
Uppsala,Sweden,Northern Europe,304.07,314.49,305.26,299.58,326.92,186.8
London,Canada,North America,276.47,417.39,305.26,277.5,317.31,174.36
Verona,Italy,Southern Europe,300.0,331.88,305.26,307.5,328.85,111.53
Sheffield,United Kingdom,Western Europe,289.14,368.12,304.61,253.33,324.04,192.56
Lisbon,Portugal,Southern Europe,249.32,517.39,304.61,212.08,268.75,96.81
Mannheim,Germany,Western Europe,304.52,308.7,304.61,280.83,290.87,229.29
Hanover,Germany,Western Europe,302.26,318.84,304.61,262.5,312.02,182.09
Gothenburg,Sweden,Northern Europe,292.31,355.07,304.61,276.67,324.52,218.82
"Wichita, KS",United States,North America,300.9,318.84,303.95,312.08,292.31,214.57
Erlangen,Germany,Western Europe,300.0,321.74,303.29,281.25,302.88,256.15
Padova,Italy,Southern Europe,294.12,342.03,303.29,270.83,339.9,120.33
"Huntsville, AL",United States,North America,274.21,415.94,302.63,256.25,323.08,256.45
Brampton,Canada,North America,262.9,456.52,301.97,259.17,250.48,172.23
Dundee,United Kingdom,Western Europe,298.19,318.84,301.32,288.33,330.29,196.51
Duisburg,Germany,Western Europe,319.91,233.33,301.32,282.5,306.25,185.43
Turku,Finland,Northern Europe,306.33,284.06,300.66,282.5,368.27,168.13
Trento,Italy,Southern Europe,291.86,336.23,300.0,247.92,363.46,117.3
Seoul,South Korea,East Asia,293.67,324.64,299.34,311.25,201.92,191.35
Modena,Italy,Southern Europe,295.93,317.39,299.34,288.75,347.6,131.41
Dresden,Germany,Western Europe,309.95,257.97,298.03,274.58,340.38,197.27
Edmonton,Canada,North America,285.52,346.38,297.37,290.83,314.9,206.83
Leipzig,Germany,Western Europe,296.38,304.35,297.37,272.5,288.94,183.16
Lund,Sweden,Northern Europe,289.59,328.99,296.71,279.17,329.33,186.34
Hamilton,Canada,North America,261.99,431.88,296.71,263.75,292.79,176.93
Montreal,Canada,North America,264.71,417.39,295.39,269.58,300.48,180.88
"Lethbridge, AB",Canada,North America,294.12,304.35,295.39,283.33,315.38,183.31
Treviso,Italy,Southern Europe,290.05,318.84,294.74,265.42,346.63,117.6
Montpellier,France,Western Europe,293.67,300.0,294.08,312.5,303.85,173.14
Lille,France,Western Europe,294.12,298.55,294.08,307.92,312.98,189.23
Regina,Canada,North America,278.28,355.07,293.42,292.92,318.27,165.25
Prague,Czech Republic,Eastern Europe,259.28,426.09,292.76,216.25,225.96,147.04
Waterloo,Canada,North America,252.49,447.83,292.11,261.67,250.96,187.71
Aachen,Germany,Western Europe,295.48,275.36,290.13,263.75,288.46,218.51
Oulu,Finland,Northern Europe,298.19,263.77,290.13,272.08,364.42,163.58
Villach,Austria,Western Europe,294.57,275.36,289.47,252.08,335.58,175.42
Grenoble,France,Western Europe,295.93,271.01,289.47,296.25,293.27,185.58
Bilbao,Spain,Southern Europe,248.42,449.28,289.47,213.75,296.63,146.43
Saskatoon,Canada,North America,277.38,337.68,288.82,294.17,287.5,164.04
Paphos,Cyprus,Southern Europe,252.04,428.99,288.16,220.0,272.12,120.49
Kingston,Canada,North America,246.15,452.17,288.16,257.08,270.67,189.07
"St. John's, Newfoundland and Labrador",Canada,North America,281.45,313.04,287.5,299.17,292.31,177.54
Ljubljana,Slovenia,Southern Europe,260.18,389.86,286.18,220.83,282.21,126.86
Trieste,Italy,Southern Europe,292.31,265.22,285.53,277.5,344.71,125.04
Moncton,Canada,North America,275.11,324.64,284.87,314.17,286.06,156.9
Tallinn,Estonia,Northern Europe,287.78,276.81,284.87,244.58,334.62,137.33
Braunschweig,Germany,Western Europe,292.76,252.17,283.55,276.25,315.87,268.13
Rostock,Germany,Western Europe,290.5,257.97,282.89,277.92,281.73,205.16
Christchurch,New Zealand,Oceania,263.35,359.42,282.24,277.5,269.23,176.18
Moscow,Russia,Eastern Europe,231.67,475.36,281.58,186.67,240.87,115.93
Naples,Italy,Southern Europe,267.87,337.68,281.58,259.17,290.38,120.94
Turin,Italy,Southern Europe,283.71,275.36,280.92,265.0,328.37,135.05
Funchal,Portugal,Southern Europe,223.08,501.45,280.26,190.83,260.58,86.95
San Jose,Costa Rica,Latin America,267.87,330.43,280.26,292.5,253.37,70.11
Windsor,Canada,North America,253.85,384.06,280.26,250.83,265.87,194.69
Winnipeg,Canada,North America,262.9,350.72,280.26,280.42,267.79,163.13
Cagliari,Italy,Southern Europe,280.54,284.06,280.26,272.5,331.25,122.61
Genoa,Italy,Southern Europe,282.35,275.36,279.61,280.83,319.23,142.79
Kingston,Jamaica,Latin America,261.54,347.83,278.95,271.25,254.81,49.47
Kassel,Germany,Western Europe,293.67,223.19,278.29,264.17,276.92,214.26
Bratislava,Slovakia,Eastern Europe,257.47,352.17,276.32,235.42,252.4,114.26
Split,Croatia,Southern Europe,258.37,350.72,276.32,223.75,300.96,108.95
Valencia,Spain,Southern Europe,236.2,426.09,275.0,201.67,286.06,129.14
Tokyo,Japan,East Asia,246.61,381.16,273.68,272.08,171.15,162.22
Malaga,Spain,Southern Europe,233.03,431.88,273.68,214.17,270.19,130.2
Warsaw,Poland,Eastern Europe,238.91,407.25,273.03,194.17,258.65,143.4
Quebec City,Canada,North America,264.71,302.9,271.71,280.0,287.5,191.35
Nicosia,Cyprus,Southern Europe,260.63,317.39,271.71,234.58,276.44,125.04
Porto,Portugal,Southern Europe,228.96,433.33,270.39,204.58,233.65,108.65
Chemnitz,Germany,Western Europe,290.5,189.86,268.42,269.58,308.17,216.24
Budapest,Hungary,Eastern Europe,252.94,320.29,265.79,219.17,271.63,123.67
San Miguel de Allende,Mexico,Latin America,235.75,379.71,265.13,262.5,247.6,44.92
Puerto Vallarta,Mexico,Latin America,238.46,372.46,265.13,236.25,275.0,63.88
Reggio Nell'emilia,Italy,Southern Europe,273.3,224.64,262.5,259.17,301.92,139.45
Valladolid,Spain,Southern Europe,274.66,214.49,261.18,295.83,289.42,161.91
Bari,Italy,Southern Europe,255.2,288.41,261.18,236.25,269.71,135.96
Oviedo,Spain,Southern Europe,254.75,282.61,259.87,240.0,306.73,138.09
Rimini,Italy,Southern Europe,264.71,237.68,257.89,231.67,331.73,120.33
Mexico City,Mexico,Latin America,221.72,400.0,257.89,235.0,231.25,77.85
Panama City,Panama,Latin America,222.17,395.65,257.24,238.75,212.02,65.55
Beirut,Lebanon,Middle East,247.06,301.45,257.24,196.67,256.25,47.19
Bergamo,Italy,Southern Europe,258.37,250.72,255.92,241.25,294.71,172.69
Montevideo,Uruguay,Latin America,261.54,236.23,255.92,246.25,282.69,95.9
Remagen,Germany,Western Europe,267.87,214.49,255.92,241.25,232.69,132.78
Ras al-Khaimah,United Arab Emirates,Middle East,246.15,297.1,255.92,205.83,240.38,115.33
Athens,Greece,Southern Europe,257.47,250.72,255.26,231.25,290.87,94.84
Alicante,Spain,Southern Europe,234.84,330.43,253.95,230.83,261.06,141.27
Brno,Czech Republic,Eastern Europe,239.37,310.14,253.29,212.92,202.4,138.39
Riyadh,Saudi Arabia,Middle East,225.79,359.42,252.63,205.0,194.23,151.29
Larnaca,Cyprus,Southern Europe,238.46,311.59,252.63,211.25,234.13,141.88
Monterrey,Mexico,Latin America,229.41,336.23,250.66,235.0,247.12,80.42
Zagreb,Croatia,Southern Europe,245.25,275.36,250.66,232.92,253.85,139.45
Taipei,Taiwan,East Asia,246.61,260.87,248.68,292.92,161.06,129.14
Tartu,Estonia,Northern Europe,258.82,210.14,248.03,216.25,315.87,147.19
Las Palmas de Gran Canaria,Spain,Southern Europe,230.32,317.39,248.03,224.58,260.1,128.53
Tarragona,Spain,Southern Europe,235.75,288.41,246.05,225.42,258.65,157.81
Buenos Aires,Argentina,Latin America,238.46,278.26,246.05,201.25,314.42,62.37
Vilnius,Lithuania,Northern Europe,238.46,273.91,245.39,192.92,282.21,147.04
Kosice,Slovakia,Eastern Europe,228.05,315.94,245.39,207.5,216.35,111.68
Sharjah,United Arab Emirates,Middle East,224.43,326.09,244.74,176.67,174.52,169.5
Gdansk,Poland,Eastern Europe,228.05,308.7,244.08,181.25,254.33,143.7
Heraklion,Greece,Southern Europe,248.87,226.09,243.42,220.0,261.06,86.65
Krakow (Cracow),Poland,Eastern Europe,229.86,295.65,242.76,186.25,249.04,144.76
Thessaloniki,Greece,Southern Europe,252.49,204.35,241.45,237.92,291.35,89.83
Palermo,Italy,Southern Europe,249.32,214.49,241.45,245.0,258.17,118.66
Aveiro,Portugal,Southern Europe,219.91,323.19,240.79,203.33,217.31,111.08
Riga,Latvia,Northern Europe,251.58,202.9,240.79,210.42,278.37,118.66
Rijeka,Croatia,Southern Europe,242.53,228.99,239.47,220.0,262.02,118.36
Sofia,Bulgaria,Eastern Europe,229.41,275.36,238.16,209.17,263.46,134.9
Budva,Montenegro,Southern Europe,224.89,288.41,237.5,176.25,281.73,81.94
Catania,Italy,Southern Europe,246.15,202.9,236.18,213.75,266.35,148.25
Istanbul,Turkey,Middle East,211.31,331.88,236.18,188.75,225.96,91.96
Wroclaw,Poland,Eastern Europe,223.08,285.51,235.53,178.75,233.65,143.1
Manama,Bahrain,Middle East,204.98,346.38,233.55,173.75,215.87,181.03
Seville (Sevilla),Spain,Southern Europe,219.91,288.41,233.55,213.33,231.73,140.67
Kuwait City,Kuwait,Middle East,208.14,328.99,232.89,150.42,261.06,163.43
New Taipei City,Taiwan,East Asia,233.48,228.99,231.58,286.67,119.71,110.02
Belgrade,Serbia,Southern Europe,219.46,276.81,230.92,182.5,246.63,98.33
Plzen,Czech Republic,Eastern Europe,230.77,226.09,228.95,218.75,199.52,156.15
Coimbra,Portugal,Southern Europe,214.03,284.06,228.29,202.5,202.88,109.86
Gdynia,Poland,Eastern Europe,225.34,243.48,228.29,180.83,236.54,166.77
Tirana,Albania,Southern Europe,220.81,255.07,227.63,210.83,212.5,72.53
Abidjan,Ivory Coast,Africa,200.9,330.43,226.97,179.58,173.08,17.75
Braga,Portugal,Southern Europe,209.05,294.2,226.32,200.83,199.04,103.95
Cancun,Mexico,Latin America,221.27,243.48,225.66,218.75,246.63,64.95
Ostrava,Czech Republic,Eastern Europe,222.62,239.13,225.66,210.0,204.81,140.21
Granada,Spain,Southern Europe,217.19,257.97,225.0,200.83,224.52,154.17
Kaunas,Lithuania,Northern Europe,235.29,188.41,225.0,212.92,274.04,139.61
Queretaro (Santiago de Querétaro),Mexico,Latin America,214.48,265.22,224.34,223.33,222.6,76.93
Pecs,Hungary,Eastern Europe,232.58,197.1,224.34,223.33,223.56,92.41
San Salvador,El Salvador,Latin America,195.93,331.88,223.68,206.25,173.08,31.26
Debrecen,Hungary,Eastern Europe,223.08,230.43,223.68,209.17,223.56,106.53
Olomouc,Czech Republic,Eastern Europe,214.93,239.13,219.74,202.92,166.35,131.56
Al Khobar,Saudi Arabia,Middle East,219.46,218.84,219.08,183.75,194.23,158.27
Guadalajara,Mexico,Latin America,202.26,284.06,218.42,210.0,234.13,66.31
Poznan,Poland,Eastern Europe,208.6,255.07,217.76,168.75,224.52,156.6
Shanghai,China,East Asia,182.81,349.28,217.11,175.0,122.12,140.52
Caracas,Venezuela,Latin America,218.55,208.7,215.79,247.92,226.92,26.1
Cluj-Napoca,Romania,Eastern Europe,210.41,234.78,215.13,181.67,250.48,115.63
Muscat,Oman,Middle East,214.03,217.39,213.82,195.83,190.87,144.16
Bali,Indonesia,Southeast Asia,156.56,427.54,212.5,192.92,111.54,18.97
Cape Town,South Africa,Africa,185.07,317.39,211.84,155.42,184.62,142.03
Varna,Bulgaria,Eastern Europe,212.22,207.25,210.53,200.42,231.73,103.95
Lodz,Poland,Eastern Europe,212.67,205.8,210.53,176.25,234.13,145.98
Bangkok,Thailand,Southeast Asia,195.48,269.57,210.53,211.25,134.62,54.48
Makati,Philippines,Southeast Asia,182.81,314.49,209.87,173.33,147.6,54.32
Cordoba,Argentina,Latin America,219.46,176.81,209.87,195.0,245.67,59.18
Merida,Mexico,Latin America,203.62,236.23,209.87,205.42,223.56,54.02
Addis Ababa,Ethiopia,Africa,193.21,268.12,207.89,171.25,120.19,18.06
Szeged,Hungary,Eastern Europe,220.36,162.32,207.89,211.25,199.52,120.18
Brasov,Romania,Eastern Europe,199.1,242.03,207.24,177.08,229.33,98.63
Phuket,Thailand,Southeast Asia,181.9,307.25,207.24,195.42,147.6,44.16
Novi Sad,Serbia,Southern Europe,213.12,184.06,206.58,185.42,228.85,94.84
Osaka,Japan,East Asia,194.12,256.52,206.58,211.67,136.54,169.2
Yerevan,Armenia,Central Asia,197.29,243.48,206.58,168.75,213.46,59.64
Patras,Greece,Southern Europe,215.84,171.01,205.92,201.25,234.62,109.1
Saint Petersburg,Russia,Eastern Europe,190.5,269.57,205.92,167.92,173.56,104.25
Bucharest,Romania,Eastern Europe,204.98,211.59,205.92,174.17,245.19,125.49
Beijing,China,East Asia,171.49,342.03,205.92,165.0,121.15,136.72
Taichung,Taiwan,East Asia,211.31,181.16,204.61,262.5,126.92,127.77
Yekaterinburg,Russia,Eastern Europe,187.33,265.22,202.63,164.58,207.69,84.22
Szczecin,Poland,Eastern Europe,198.64,218.84,202.63,165.83,198.08,145.52
Podgorica,Montenegro,Southern Europe,192.76,239.13,201.32,174.58,206.73,106.98
Jeddah (Jiddah),Saudi Arabia,Middle East,199.1,210.14,200.66,165.83,161.06,154.17
Izmir,Turkey,Middle East,198.19,210.14,200.0,181.25,192.79,103.79
Katowice,Poland,Eastern Europe,195.48,211.59,198.68,168.33,209.13,161.15
Klaipeda,Lithuania,Northern Europe,203.62,181.16,198.03,169.17,225.48,146.74
Medellin,Colombia,Latin America,177.83,276.81,198.03,167.5,163.46,52.05
Kaohsiung,Taiwan,East Asia,207.24,157.97,196.05,269.58,126.44,142.49
Ankara,Turkey,Middle East,189.14,226.09,196.05,178.33,207.69,102.43
Kaliningrad,Russia,Eastern Europe,201.81,173.91,195.39,193.33,174.52,79.21
Sao Paulo,Brazil,Latin America,186.43,233.33,195.39,171.67,185.58,79.21
Santiago,Chile,Latin America,194.12,198.55,194.08,185.42,223.08,78.45
Santo Domingo,Dominican Republic,Latin America,190.05,210.14,194.08,171.25,195.19,60.85
Ad Dammam,Saudi Arabia,Middle East,198.19,178.26,193.42,174.58,150.0,145.68
Johannesburg,South Africa,Africa,192.76,195.65,192.76,155.83,185.1,160.24
Sarajevo,Bosnia And Herzegovina,Southern Europe,199.55,171.01,192.76,186.25,178.37,102.58
Shenzhen,China,East Asia,174.66,263.77,192.76,182.5,114.9,159.48
Torun,Poland,Eastern Europe,197.74,175.36,192.11,171.67,219.71,176.63
Constanta,Romania,Eastern Europe,190.5,201.45,192.11,161.67,240.38,94.54
Tyumen,Russia,Eastern Europe,188.24,198.55,190.13,172.5,211.06,83.61
Accra,Ghana,Africa,193.21,175.36,188.82,206.25,201.44,17.91
Nizhny Novgorod,Russia,Eastern Europe,188.69,191.3,188.82,160.42,236.54,83.92
Almaty,Kazakhstan,Central Asia,176.02,234.78,188.16,165.83,197.12,77.24
Amman,Jordan,Middle East,202.71,124.64,186.18,171.25,230.77,70.26
Windhoek,Namibia,Africa,180.54,211.59,186.18,167.5,185.1,100.15
Tbilisi,Georgia,Central Asia,174.21,227.54,184.87,163.75,189.9,64.95
Antalya,Turkey,Middle East,186.43,181.16,184.87,165.83,206.73,92.26
Banja Luka,Bosnia And Herzegovina,Southern Europe,197.74,134.78,184.21,183.33,203.85,90.9
Plovdiv,Bulgaria,Eastern Europe,187.33,171.01,183.55,186.67,188.46,115.78
Bogota,Colombia,Latin America,175.57,211.59,182.24,168.75,168.27,70.41
Iasi,Romania,Eastern Europe,185.07,173.91,182.24,166.67,198.08,117.0
Ulaanbaatar,Mongolia,East Asia,164.25,252.17,181.58,171.67,130.77,60.09
Pretoria,South Africa,Africa,184.16,173.91,181.58,141.67,151.44,145.83
Vlore,Albania,Southern Europe,190.05,150.72,181.58,182.08,166.35,86.65
Chisinau,Moldova,Eastern Europe,172.4,215.94,180.92,142.08,181.25,85.74
Kazan,Russia,Eastern Europe,180.54,185.51,180.92,157.92,166.35,91.96
Florianopolis,Brazil,Latin America,169.23,220.29,179.61,143.33,177.88,93.17
Krasnodar,Russia,Eastern Europe,178.73,182.61,178.95,151.25,195.19,87.71
Kuala Lumpur,Malaysia,Southeast Asia,175.11,194.2,178.95,199.17,135.1,167.37
Burgas,Bulgaria,Eastern Europe,183.71,162.32,178.95,174.58,211.06,105.01
Pattaya,Thailand,Southeast Asia,170.59,208.7,178.29,178.33,132.21,48.25
Timisoara,Romania,Eastern Europe,181.9,163.77,177.63,161.25,201.92,127.16
Novosibirsk,Russia,Eastern Europe,176.47,184.06,177.63,163.33,179.33,84.98
Aguascalientes,Mexico,Latin America,181.45,163.77,176.97,180.83,209.13,94.99
Phnom Penh,Cambodia,Southeast Asia,169.23,204.35,176.32,187.08,138.46,33.99
Bursa,Turkey,Middle East,183.26,139.13,173.68,167.92,168.27,109.1
Rio de Janeiro,Brazil,Latin America,166.06,202.9,173.03,151.67,164.9,58.42
Manila,Philippines,Southeast Asia,155.2,239.13,172.37,168.33,121.63,53.11
Harare,Zimbabwe,Africa,174.66,163.77,171.71,156.67,179.81,43.25
Krasnoyarsk,Russia,Eastern Europe,179.19,144.93,171.71,170.42,194.23,80.58
Lagos,Nigeria,Africa,119.91,368.12,171.05,102.08,147.6,12.44
Santos,Brazil,Latin America,171.04,172.46,171.05,154.58,149.52,61.15
Craiova,Romania,Eastern Europe,170.59,171.01,170.39,150.83,169.23,106.83
Guangzhou,China,East Asia,166.06,182.61,169.08,176.25,112.98,143.1
Lima,Peru,Latin America,160.18,204.35,169.08,162.08,144.71,68.89
Hangzhou,China,East Asia,162.9,189.86,167.76,173.33,119.23,164.19
Sao Jose dos Campos,Brazil,Latin America,167.42,169.57,167.11,165.42,161.54,87.25
Sibiu,Romania,Eastern Europe,168.33,160.87,166.45,152.08,189.42,128.53
Galati,Romania,Eastern Europe,169.68,150.72,165.13,145.83,190.87,105.16
Minsk,Belarus,Eastern Europe,160.18,184.06,164.47,152.08,182.21,108.35
Eskisehir,Turkey,Middle East,172.4,137.68,164.47,165.0,184.13,117.3
Skopje,North Macedonia,Southern Europe,171.49,139.13,164.47,156.25,149.52,99.85
Rostov-on-Don (Rostov-na-donu),Russia,Eastern Europe,161.99,171.01,163.16,152.08,163.94,98.33
Guayaquil,Ecuador,Latin America,164.71,160.87,163.16,143.33,168.27,67.07
Mersin,Turkey,Middle East,169.68,142.03,163.16,161.67,150.96,93.17
Barranquilla,Colombia,Latin America,170.59,136.23,163.16,146.25,187.98,60.09
Casablanca,Morocco,Africa,157.01,188.41,163.16,151.25,143.75,69.95
Tomsk,Russia,Eastern Europe,162.9,159.42,161.84,154.58,150.48,106.68
Brasilia,Brazil,Latin America,160.18,169.57,161.84,147.5,162.98,102.43
Tangier,Morocco,Africa,163.8,153.62,161.18,157.92,142.79,59.18
Suzhou,China,East Asia,162.9,155.07,161.18,172.08,132.21,155.69
Durban,South Africa,Africa,161.09,162.32,160.53,141.67,143.75,149.47
Campinas,Brazil,Latin America,163.8,152.17,160.53,157.08,156.25,72.84
Cali,Colombia,Latin America,155.2,179.71,159.87,154.17,135.58,62.06
Rabat,Morocco,Africa,154.3,181.16,159.21,150.42,144.23,83.31
Perm,Russia,Eastern Europe,157.47,165.22,158.55,150.0,152.4,105.77
Asuncion,Paraguay,Latin America,153.85,176.81,158.55,147.5,157.21,73.29
Baghdad,Iraq,Middle East,157.01,163.77,157.89,125.0,151.92,75.87
Colombo,Sri Lanka,South Asia,152.49,169.57,155.92,195.0,120.19,29.89
Kiev (Kyiv),Ukraine,Eastern Europe,147.51,188.41,155.92,140.0,148.08,90.44
Belo Horizonte,Brazil,Latin America,157.47,150.72,155.92,137.92,145.67,71.93
Targu Mures,Romania,Eastern Europe,163.8,128.99,155.92,150.42,174.04,124.58
Adana,Turkey,Middle East,161.09,140.58,155.92,152.92,145.67,96.05
Curitiba,Brazil,Latin America,160.63,137.68,155.26,137.5,171.63,77.54
Oradea,Romania,Eastern Europe,165.16,115.94,154.61,148.33,180.29,112.59
Erbil (Irbil),Iraq,Middle East,161.54,130.43,154.61,140.83,186.06,69.8
Astana (Nur-Sultan),Kazakhstan,Central Asia,147.96,184.06,154.61,144.17,149.52,95.3
Quito,Ecuador,Latin America,157.92,144.93,154.61,149.17,178.85,72.53
Baku,Azerbaijan,Central Asia,151.58,168.12,154.61,138.75,177.88,67.68
Nis,Serbia,Southern Europe,164.71,115.94,153.95,143.75,167.79,107.74
Porto Alegre,Brazil,Latin America,158.37,137.68,153.29,145.42,156.73,62.52
Cebu,Philippines,Southeast Asia,146.15,175.36,151.97,162.92,107.69,45.52
"Batumi, Ajara",Georgia,Central Asia,148.87,162.32,151.32,137.08,168.75,69.8
Salvador,Brazil,Latin America,151.58,144.93,150.0,131.67,150.48,47.19
Damascus,Syria,Middle East,154.3,136.23,150.0,122.92,187.02,6.07
Joao Pessoa,Brazil,Latin America,158.82,115.94,149.34,133.33,132.69,61.91
Nairobi,Kenya,Africa,147.51,156.52,149.34,143.33,137.02,52.66
Mumbai,India,South Asia,117.19,268.12,148.68,106.25,113.46,92.56
Kuching,Malaysia,Southeast Asia,158.37,111.59,148.03,184.58,118.75,67.37
Tashkent,Uzbekistan,Central Asia,138.46,188.41,148.03,140.83,128.37,80.88
Nanjing,China,East Asia,142.08,168.12,147.37,144.17,112.98,171.32
Lviv,Ukraine,Eastern Europe,142.08,162.32,146.05,133.33,143.75,79.67
Recife,Brazil,Latin America,144.34,150.72,145.39,119.58,144.71,52.96
Chiang Mai,Thailand,Southeast Asia,145.7,147.83,145.39,167.08,90.87,77.85
Bishkek,Kyrgyzstan,Central Asia,135.29,185.51,145.39,126.25,132.21,60.09
Marrakech,Morocco,Africa,147.51,139.13,145.39,139.58,140.87,65.4
Santa Cruz,Bolivia,Latin America,145.25,143.48,144.74,126.67,124.04,66.46
Kigali,Rwanda,Africa,122.17,228.99,144.08,107.08,105.77,39.0
Stara Zagora,Bulgaria,Eastern Europe,156.11,100.0,144.08,144.58,178.85,136.57
Penang,Malaysia,Southeast Asia,152.04,114.49,143.42,177.92,112.02,120.03
Ho Chi Minh City,Vietnam,Southeast Asia,133.48,182.61,143.42,145.83,83.17,64.95
Fortaleza,Brazil,Latin America,152.94,105.8,142.76,137.08,135.1,61.31
Quezon City,Philippines,Southeast Asia,145.25,124.64,140.13,158.75,98.56,59.03
Agadir,Morocco,Africa,145.7,113.04,138.82,143.75,134.13,72.99
Cuenca,Ecuador,Latin America,138.46,140.58,138.16,144.17,128.85,73.44
Wuhan,China,East Asia,144.8,114.49,138.16,162.08,100.96,151.44
Dnipro,Ukraine,Eastern Europe,138.46,136.23,137.5,124.17,155.77,69.04
Dushanbe,Tajikistan,Central Asia,129.86,165.22,136.84,154.58,97.12,63.28
Pristina,Kosovo (Disputed Territory),Southern Europe,140.72,123.19,136.18,141.67,131.73,93.17
Dar es Salaam,Tanzania,Africa,124.89,178.26,135.53,112.08,102.4,38.24
Sousse,Tunisia,Africa,147.51,88.41,134.87,155.0,105.29,54.02
Jakarta,Indonesia,Southeast Asia,130.32,155.07,134.87,150.0,79.81,61.31
Changsha,China,East Asia,146.15,92.75,134.21,168.33,103.85,151.59
Tunis,Tunisia,Africa,142.99,100.0,133.55,160.0,92.79,51.29
Siem Reap,Cambodia,Southeast Asia,140.27,110.14,133.55,165.0,100.96,32.93
Chengdu,China,East Asia,129.41,144.93,132.24,146.25,100.96,171.02
Da Nang,Vietnam,Southeast Asia,123.08,168.12,132.24,137.92,79.33,49.01
Kampala,Uganda,Africa,125.79,155.07,131.58,121.25,115.87,27.01
"Qingdao, Shandong",China,East Asia,135.29,117.39,131.58,154.58,92.79,164.19
Hanoi,Vietnam,Southeast Asia,128.05,143.48,130.92,137.08,79.33,71.62
Davao,Philippines,Southeast Asia,137.56,97.1,128.95,143.33,116.83,31.56
Chongqing,China,East Asia,128.96,130.43,128.95,149.17,95.19,157.06
Odessa (Odesa),Ukraine,Eastern Europe,136.2,98.55,128.29,129.17,136.06,68.44
Xi'an,China,East Asia,123.08,115.94,121.05,135.42,83.65,166.92
Algiers,Algeria,Africa,130.32,66.67,117.11,144.17,93.27,53.57
Gurgaon,India,South Asia,113.12,128.99,115.79,114.17,109.62,126.4
Tehran,Iran,Middle East,104.07,155.07,114.47,100.42,77.88,33.84
Kharkiv,Ukraine,Eastern Europe,120.81,76.81,111.18,118.33,112.5,84.07
Islamabad,Pakistan,South Asia,114.03,86.96,107.89,83.33,112.5,65.86
Dhaka,Bangladesh,South Asia,116.29,60.87,104.61,129.17,89.42,50.53
Bangalore,India,South Asia,99.1,126.09,103.95,107.08,92.79,150.38
Cairo,Egypt,Africa,109.95,84.06,103.95,103.75,116.83,49.47
Delhi,India,South Asia,100.0,100.0,100.0,100.0,100.0,100.0
Pune,India,South Asia,100.9,100.0,100.0,105.42,100.96,211.99
Navi Mumbai,India,South Asia,94.57,115.94,98.68,109.58,73.56,126.25
Kathmandu,Nepal,South Asia,108.6,62.32,98.68,100.42,95.67,53.41
Thane,India,South Asia,95.48,105.8,97.37,99.17,90.38,59.03
Bandung,Indonesia,Southeast Asia,103.17,71.01,96.05,131.67,59.62,55.08
Hyderabad,India,South Asia,97.74,84.06,94.74,102.08,91.35,247.8
Chittagong,Bangladesh,South Asia,105.88,43.48,92.76,107.5,82.21,56.9
Noida,India,South Asia,94.57,79.71,91.45,101.25,79.33,168.59
Ahmedabad,India,South Asia,97.29,69.57,91.45,107.5,92.31,103.19
Rawalpindi,Pakistan,South Asia,97.74,63.77,90.13,93.75,85.1,35.96
Chandigarh,India,South Asia,95.02,68.12,89.47,97.08,78.37,92.87
Lahore,Pakistan,South Asia,98.19,49.28,87.5,78.33,104.33,39.15
Karachi,Pakistan,South Asia,98.64,46.38,87.5,83.75,92.31,38.24
Chennai,India,South Asia,90.95,72.46,86.84,106.67,66.83,151.14
Giza,Egypt,Africa,94.12,53.62,85.53,85.42,82.69,29.44
Alexandria,Egypt,Africa,95.02,43.48,84.21,93.33,85.58,31.41
Surat,India,South Asia,82.35,92.75,84.21,92.08,74.52,72.69
Jaipur,India,South Asia,88.69,62.32,82.89,92.5,79.81,84.83
Dehradun,India,South Asia,85.97,72.46,82.89,89.58,75.48,83.46
Kolkata,India,South Asia,88.69,57.97,82.24,100.83,70.19,90.44
Kochi,India,South Asia,85.52,63.77,80.92,100.42,56.25,105.31
Vadodara,India,South Asia,89.59,50.72,80.92,98.33,64.42,114.42
Thiruvananthapuram,India,South Asia,84.16,57.97,78.95,93.75,75.48,58.12
Patna,India,South Asia,89.59,34.78,78.29,94.17,72.12,86.49
Indore,India,South Asia,84.62,57.97,78.29,89.58,67.79,83.61
Bhubaneswar,India,South Asia,84.62,52.17,77.63,94.58,66.83,88.62
Bhopal,India,South Asia,82.35,47.83,75.0,99.17,67.79,81.94
Guwahati,India,South Asia,81.45,49.28,74.34,90.42,76.44,86.34
Rajkot,India,South Asia,80.09,46.38,73.03,91.25,60.1,65.4
Lucknow (Lakhnau),India,South Asia,79.19,50.72,73.03,83.75,59.62,94.69
Coimbatore,India,South Asia,78.28,50.72,72.37,91.67,62.5,99.54
